-- phpMyAdmin SQL Dump
-- version 4.5.1
-- http://www.phpmyadmin.net
--
-- Host: 127.0.0.1
-- Generation Time: Sep 19, 2016 at 05:22 AM
-- Server version: 10.1.13-MariaDB
-- PHP Version: 7.0.6

SET SQL_MODE = "NO_AUTO_VALUE_ON_ZERO";
SET time_zone = "+00:00";


/*!40101 SET @OLD_CHARACTER_SET_CLIENT=@@CHARACTER_SET_CLIENT */;
/*!40101 SET @OLD_CHARACTER_SET_RESULTS=@@CHARACTER_SET_RESULTS */;
/*!40101 SET @OLD_COLLATION_CONNECTION=@@COLLATION_CONNECTION */;
/*!40101 SET NAMES utf8mb4 */;

--
-- Database: `reporting_system`
--

-- --------------------------------------------------------

--
-- Table structure for table `ci_sessions`
--

CREATE TABLE `ci_sessions` (
  `id` varchar(40) NOT NULL,
  `ip_address` varchar(45) NOT NULL,
  `timestamp` int(10) UNSIGNED NOT NULL DEFAULT '0',
  `data` blob NOT NULL
) ENGINE=InnoDB DEFAULT CHARSET=latin1;

--
-- Dumping data for table `ci_sessions`
--

INSERT INTO `ci_sessions` (`id`, `ip_address`, `timestamp`, `data`) VALUES
('01bb5db28140e06a87190226a9cc0ea14c762198', '::1', 1474259779, 0x5f5f63695f6c6173745f726567656e65726174657c693a313437343235393737393b636f6d70616e795f69647c733a313a2231223b757365725f6c6f676765647c693a323b69735f6163746976657c733a313a2234223b69645f317c613a333a7b733a373a22757365725f6964223b733a313a2231223b733a383a22757365726e616d65223b733a353a22697276616e223b733a31303a22636f6d70616e795f6964223b733a313a2231223b7d69645f347c613a323a7b733a373a22757365725f6964223b733a313a2234223b733a383a22757365726e616d65223b733a363a2266656c697461223b7d),
('02753ab4af38f8a489473b2b30ba1b04c0097bc6', '::1', 1474015226, 0x5f5f63695f6c6173745f726567656e65726174657c693a313437343031353232363b636f6d70616e795f69647c733a313a2231223b757365725f6c6f676765647c693a313b69735f6163746976657c733a313a2231223b69645f317c613a323a7b733a373a22757365725f6964223b733a313a2231223b733a383a22757365726e616d65223b733a353a22697276616e223b7d),
('02fe7f11b406a54160ed6df69a7bce4e6e1f7450', '::1', 1473848992, 0x5f5f63695f6c6173745f726567656e65726174657c693a313437333834383831373b757365725f6c6f676765647c693a323b69735f6163746976657c4e3b69645f317c613a323a7b733a373a22757365725f6964223b733a313a2231223b733a383a22757365726e616d65223b733a353a22697276616e223b7d),
('037f9cac18a4a2451c980a27b86e5b1afdfef39e', '::1', 1473843335, 0x5f5f63695f6c6173745f726567656e65726174657c693a313437333834333333353b757365725f6c6f676765647c693a313b69735f6163746976657c733a313a2231223b69645f317c613a323a7b733a373a22757365725f6964223b733a313a2231223b733a383a22757365726e616d65223b733a353a22697276616e223b7d),
('04dfb7151d447be2f164c608bab36ee1e434a8b4', '::1', 1474259366, 0x5f5f63695f6c6173745f726567656e65726174657c693a313437343235393336363b636f6d70616e795f69647c733a313a2231223b757365725f6c6f676765647c693a323b69735f6163746976657c733a313a2234223b69645f317c613a333a7b733a373a22757365725f6964223b733a313a2231223b733a383a22757365726e616d65223b733a353a22697276616e223b733a31303a22636f6d70616e795f6964223b733a313a2231223b7d69645f347c613a323a7b733a373a22757365725f6964223b733a313a2234223b733a383a22757365726e616d65223b733a363a2266656c697461223b7d),
('05039cd9ac3ec37bc5ef3fc1ffbb85cb58849167', '::1', 1473992504, 0x5f5f63695f6c6173745f726567656e65726174657c693a313437333939323530343b636f6d70616e795f69647c733a313a2231223b757365725f6c6f676765647c693a313b69735f6163746976657c733a313a2231223b69645f317c613a323a7b733a373a22757365725f6964223b733a313a2231223b733a383a22757365726e616d65223b733a353a22697276616e223b7d),
('0891eb61ab5c4f8f0d0d148a5331349283ceda89', '::1', 1473830676, 0x5f5f63695f6c6173745f726567656e65726174657c693a313437333833303637363b757365725f6c6f676765647c693a313b69735f6163746976657c733a313a2231223b69645f317c613a323a7b733a373a22757365725f6964223b733a313a2231223b733a383a22757365726e616d65223b733a353a22697276616e223b7d),
('1074c32e7936dd5df4363a1e7c6f4c2f98bac776', '::1', 1474261431, 0x5f5f63695f6c6173745f726567656e65726174657c693a313437343236313433313b636f6d70616e795f69647c733a313a2231223b757365725f6c6f676765647c693a323b69735f6163746976657c733a313a2234223b69645f317c613a333a7b733a373a22757365725f6964223b733a313a2231223b733a383a22757365726e616d65223b733a353a22697276616e223b733a31303a22636f6d70616e795f6964223b733a313a2231223b7d69645f347c613a323a7b733a373a22757365725f6964223b733a313a2234223b733a383a22757365726e616d65223b733a363a2266656c697461223b7d),
('15ed00c7edc08502a0489a47e0399b963fd6361c', '::1', 1473905158, 0x5f5f63695f6c6173745f726567656e65726174657c693a313437333930353135383b757365725f6c6f676765647c693a313b69735f6163746976657c733a313a2231223b69645f317c613a323a7b733a373a22757365725f6964223b733a313a2231223b733a383a22757365726e616d65223b733a353a22697276616e223b7d),
('1974711b0d8b8a278df352159b4320b16c506ec1', '::1', 1473822384, 0x5f5f63695f6c6173745f726567656e65726174657c693a313437333832323338343b757365725f6c6f676765647c693a313b69735f6163746976657c733a313a2231223b69645f317c613a323a7b733a373a22757365725f6964223b733a313a2231223b733a383a22757365726e616d65223b733a353a22697276616e223b7d),
('1ab28764e82262b1fe52a65e9fea56fd547b94d1', '::1', 1473905491, 0x5f5f63695f6c6173745f726567656e65726174657c693a313437333930353439313b757365725f6c6f676765647c693a313b69735f6163746976657c733a313a2231223b69645f317c613a323a7b733a373a22757365725f6964223b733a313a2231223b733a383a22757365726e616d65223b733a353a22697276616e223b7d),
('1ca92777c16e6483eeeb0d7b8cc31d12022e821d', '::1', 1473847300, 0x5f5f63695f6c6173745f726567656e65726174657c693a313437333834373330303b757365725f6c6f676765647c693a323b69735f6163746976657c693a313b69645f317c613a323a7b733a373a22757365725f6964223b733a313a2231223b733a383a22757365726e616d65223b733a353a22697276616e223b7d69645f337c613a323a7b733a373a22757365725f6964223b733a313a2233223b733a383a22757365726e616d65223b733a343a224a6f686e223b7d),
('1e4b5e98f81f48ee22d2e5ad4bf7ea5dffbde094', '::1', 1473907653, 0x5f5f63695f6c6173745f726567656e65726174657c693a313437333930373635333b757365725f6c6f676765647c693a313b69735f6163746976657c733a313a2231223b69645f317c613a323a7b733a373a22757365725f6964223b733a313a2231223b733a383a22757365726e616d65223b733a353a22697276616e223b7d),
('1eea20541d14e0b7c9bf3eb6c4a97639ad564c51', '::1', 1473841230, 0x5f5f63695f6c6173745f726567656e65726174657c693a313437333834313233303b757365725f6c6f676765647c693a313b69735f6163746976657c733a313a2231223b69645f317c613a323a7b733a373a22757365725f6964223b733a313a2231223b733a383a22757365726e616d65223b733a353a22697276616e223b7d),
('1fb54c9a6ded4cceeeb92c4518089adb7693e806', '::1', 1473830043, 0x5f5f63695f6c6173745f726567656e65726174657c693a313437333833303034333b757365725f6c6f676765647c693a313b69735f6163746976657c733a313a2231223b69645f317c613a323a7b733a373a22757365725f6964223b733a313a2231223b733a383a22757365726e616d65223b733a353a22697276616e223b7d),
('21b28e6ccd863e26eca7c5b467bce0bb7ffbaf11', '::1', 1473847625, 0x5f5f63695f6c6173745f726567656e65726174657c693a313437333834373632353b757365725f6c6f676765647c693a323b69735f6163746976657c693a313b69645f317c613a323a7b733a373a22757365725f6964223b733a313a2231223b733a383a22757365726e616d65223b733a353a22697276616e223b7d69645f337c613a323a7b733a373a22757365725f6964223b733a313a2233223b733a383a22757365726e616d65223b733a343a224a6f686e223b7d),
('298579357e79df2d1fc863ce384f1aea36aa277c', '::1', 1473831334, 0x5f5f63695f6c6173745f726567656e65726174657c693a313437333833313333343b757365725f6c6f676765647c693a313b69735f6163746976657c733a313a2231223b69645f317c613a323a7b733a373a22757365725f6964223b733a313a2231223b733a383a22757365726e616d65223b733a353a22697276616e223b7d),
('2c2030d0f19e46ca85f58a58095052c445142dba', '::1', 1473744230, 0x5f5f63695f6c6173745f726567656e65726174657c693a313437333734343233303b757365725f6c6f676765647c693a313b69735f6163746976657c733a313a2231223b69645f317c613a323a7b733a373a22757365725f6964223b733a313a2231223b733a383a22757365726e616d65223b733a353a22697276616e223b7d),
('2d0503b74feb182ba0bfad1d2d9bdb78e1367cbb', '::1', 1473911213, 0x5f5f63695f6c6173745f726567656e65726174657c693a313437333931313231333b757365725f6c6f676765647c693a313b69735f6163746976657c733a313a2231223b69645f317c613a323a7b733a373a22757365725f6964223b733a313a2231223b733a383a22757365726e616d65223b733a353a22697276616e223b7d),
('2fa2b738e245062998cd5233b6a44f74c5ac8b74', '::1', 1473843639, 0x5f5f63695f6c6173745f726567656e65726174657c693a313437333834333633393b757365725f6c6f676765647c693a313b69735f6163746976657c733a313a2231223b69645f317c613a323a7b733a373a22757365725f6964223b733a313a2231223b733a383a22757365726e616d65223b733a353a22697276616e223b7d),
('33d438841e05e0de0138cdb987bc92b37914f345', '::1', 1473228076, 0x5f5f63695f6c6173745f726567656e65726174657c693a313437333232373738353b757365725f6c6f676765647c693a333b69735f6163746976657c4e3b69645f327c613a323a7b733a373a22757365725f6964223b733a313a2232223b733a383a22757365726e616d65223b733a353a22697276616e223b7d69645f317c613a323a7b733a373a22757365725f6964223b733a313a2231223b733a383a22757365726e616d65223b733a343a226a6f686e223b7d),
('39f489fbd99d02451ab21660cbededefcd8e39f5', '::1', 1473851554, 0x5f5f63695f6c6173745f726567656e65726174657c693a313437333835313533353b757365725f6c6f676765647c693a323b69735f6163746976657c733a313a2231223b69645f317c613a323a7b733a373a22757365725f6964223b733a313a2231223b733a383a22757365726e616d65223b733a353a22697276616e223b7d69645f327c613a323a7b733a373a22757365725f6964223b733a313a2232223b733a383a22757365726e616d65223b733a383a22736574796177616e223b7d),
('3b288ebec3b4fa82f44a1f2b4f5594be6c26ec6f', '::1', 1474024922, 0x5f5f63695f6c6173745f726567656e65726174657c693a313437343032343932323b636f6d70616e795f69647c733a313a2231223b757365725f6c6f676765647c693a323b69735f6163746976657c733a313a2234223b69645f317c613a323a7b733a373a22757365725f6964223b733a313a2231223b733a383a22757365726e616d65223b733a353a22697276616e223b7d69645f347c613a323a7b733a373a22757365725f6964223b733a313a2234223b733a383a22757365726e616d65223b733a363a2266656c697461223b7d),
('3b2f707f98df25ccfee7a5337ac3ec51a1611306', '::1', 1473994166, 0x5f5f63695f6c6173745f726567656e65726174657c693a313437333939343136363b636f6d70616e795f69647c733a313a2231223b757365725f6c6f676765647c693a313b69735f6163746976657c733a313a2231223b69645f317c613a323a7b733a373a22757365725f6964223b733a313a2231223b733a383a22757365726e616d65223b733a353a22697276616e223b7d),
('3bab451e5b1d77b5a5a02eb663efe0b54db54284', '::1', 1473832281, 0x5f5f63695f6c6173745f726567656e65726174657c693a313437333833323238313b757365725f6c6f676765647c693a313b69735f6163746976657c733a313a2231223b69645f317c613a323a7b733a373a22757365725f6964223b733a313a2231223b733a383a22757365726e616d65223b733a353a22697276616e223b7d),
('3c23f80fcb403bcb7feaea4c82681e0faf131e91', '::1', 1474025153, 0x5f5f63695f6c6173745f726567656e65726174657c693a313437343032343932323b636f6d70616e795f69647c733a313a2231223b757365725f6c6f676765647c693a323b69735f6163746976657c733a313a2234223b69645f317c613a323a7b733a373a22757365725f6964223b733a313a2231223b733a383a22757365726e616d65223b733a353a22697276616e223b7d69645f347c613a323a7b733a373a22757365725f6964223b733a313a2234223b733a383a22757365726e616d65223b733a363a2266656c697461223b7d),
('3c68c8570b9ea9cb53e4f40abd26723652b4943a', '::1', 1473843975, 0x5f5f63695f6c6173745f726567656e65726174657c693a313437333834333937353b757365725f6c6f676765647c693a313b69735f6163746976657c733a313a2231223b69645f317c613a323a7b733a373a22757365725f6964223b733a313a2231223b733a383a22757365726e616d65223b733a353a22697276616e223b7d),
('3ddcb7deac5f6c5cad87e6055d008df5ddd788df', '::1', 1473914999, 0x5f5f63695f6c6173745f726567656e65726174657c693a313437333931343939393b757365725f6c6f676765647c693a313b69735f6163746976657c733a313a2231223b69645f317c613a323a7b733a373a22757365725f6964223b733a313a2231223b733a383a22757365726e616d65223b733a353a22697276616e223b7d),
('3ea867625763db1876189f314e302cc72fe08039', '::1', 1473829504, 0x5f5f63695f6c6173745f726567656e65726174657c693a313437333832393530343b757365725f6c6f676765647c693a313b69735f6163746976657c733a313a2231223b69645f317c613a323a7b733a373a22757365725f6964223b733a313a2231223b733a383a22757365726e616d65223b733a353a22697276616e223b7d),
('43a7e87c900052f14d6f910c01650d387329366d', '::1', 1473937479, 0x5f5f63695f6c6173745f726567656e65726174657c693a313437333933373437393b),
('444cb0c26c9693784636238cfb3b217089b33274', '::1', 1473850082, 0x5f5f63695f6c6173745f726567656e65726174657c693a313437333835303038323b757365725f6c6f676765647c693a323b69735f6163746976657c733a313a2232223b69645f317c613a323a7b733a373a22757365725f6964223b733a313a2231223b733a383a22757365726e616d65223b733a353a22697276616e223b7d69645f327c613a323a7b733a373a22757365725f6964223b733a313a2232223b733a383a22757365726e616d65223b733a383a22736574796177616e223b7d),
('445386f1d647d5da019983b702805b6932df1648', '::1', 1473929576, 0x5f5f63695f6c6173745f726567656e65726174657c693a313437333932393537363b757365725f6c6f676765647c693a313b69735f6163746976657c733a313a2231223b69645f317c613a323a7b733a373a22757365725f6964223b733a313a2231223b733a383a22757365726e616d65223b733a353a22697276616e223b7d),
('4478b3daf95d39865118d50b03641c7e6f6ae63c', '::1', 1474015673, 0x5f5f63695f6c6173745f726567656e65726174657c693a313437343031353637333b636f6d70616e795f69647c733a313a2231223b757365725f6c6f676765647c693a313b69735f6163746976657c733a313a2231223b69645f317c613a323a7b733a373a22757365725f6964223b733a313a2231223b733a383a22757365726e616d65223b733a353a22697276616e223b7d),
('455237be039090a9c8883b986b741fa43ffef10b', '::1', 1473832969, 0x5f5f63695f6c6173745f726567656e65726174657c693a313437333833323936393b757365725f6c6f676765647c693a313b69735f6163746976657c733a313a2231223b69645f317c613a323a7b733a373a22757365725f6964223b733a313a2231223b733a383a22757365726e616d65223b733a353a22697276616e223b7d),
('47161ce1e6ce3b91115b98e913bd17dba8292d48', '::1', 1473300055, 0x5f5f63695f6c6173745f726567656e65726174657c693a313437333330303035353b),
('483507915bfd8e3f79f28faa91c42fd80760bf41', '::1', 1473228128, 0x5f5f63695f6c6173745f726567656e65726174657c693a313437333232383038383b757365725f6c6f676765647c693a343b69735f6163746976657c4e3b69645f327c613a323a7b733a373a22757365725f6964223b733a313a2232223b733a383a22757365726e616d65223b733a353a22697276616e223b7d),
('4f7ac61ad11c2fbadec8874b1de956f3644e1a2a', '::1', 1473910512, 0x5f5f63695f6c6173745f726567656e65726174657c693a313437333931303531323b757365725f6c6f676765647c693a313b69735f6163746976657c733a313a2231223b69645f317c613a323a7b733a373a22757365725f6964223b733a313a2231223b733a383a22757365726e616d65223b733a353a22697276616e223b7d),
('4fb1fb108b1c836c755e3c35a06b05f585ae6251', '::1', 1473842909, 0x5f5f63695f6c6173745f726567656e65726174657c693a313437333834323930393b757365725f6c6f676765647c693a313b69735f6163746976657c733a313a2231223b69645f317c613a323a7b733a373a22757365725f6964223b733a313a2231223b733a383a22757365726e616d65223b733a353a22697276616e223b7d),
('4fe32207ec0b0126abbd4a5e32d834fa7ebb3215', '::1', 1474260781, 0x5f5f63695f6c6173745f726567656e65726174657c693a313437343236303738313b636f6d70616e795f69647c733a313a2231223b757365725f6c6f676765647c693a323b69735f6163746976657c733a313a2234223b69645f317c613a333a7b733a373a22757365725f6964223b733a313a2231223b733a383a22757365726e616d65223b733a353a22697276616e223b733a31303a22636f6d70616e795f6964223b733a313a2231223b7d69645f347c613a323a7b733a373a22757365725f6964223b733a313a2234223b733a383a22757365726e616d65223b733a363a2266656c697461223b7d),
('583f3e950f5f662c1b9bb8f9c34463b88d9c8687', '::1', 1473930729, 0x5f5f63695f6c6173745f726567656e65726174657c693a313437333933303732393b757365725f6c6f676765647c693a313b69735f6163746976657c733a313a2231223b69645f317c613a323a7b733a373a22757365725f6964223b733a313a2231223b733a383a22757365726e616d65223b733a353a22697276616e223b7d),
('5959f9caa1dc000660677871507a02320e6af316', '::1', 1473828379, 0x5f5f63695f6c6173745f726567656e65726174657c693a313437333832383337393b757365725f6c6f676765647c693a313b69735f6163746976657c733a313a2231223b69645f317c613a323a7b733a373a22757365725f6964223b733a313a2231223b733a383a22757365726e616d65223b733a353a22697276616e223b7d),
('59e07a76ba0b6c4fcfd9c2c494586d406adf1d7d', '::1', 1473848234, 0x5f5f63695f6c6173745f726567656e65726174657c693a313437333834383233343b757365725f6c6f676765647c693a323b69735f6163746976657c693a313b69645f317c613a323a7b733a373a22757365725f6964223b733a313a2231223b733a383a22757365726e616d65223b733a353a22697276616e223b7d69645f337c613a323a7b733a373a22757365725f6964223b733a313a2233223b733a383a22757365726e616d65223b733a343a224a6f686e223b7d),
('5d9140c3a89e8e91cd13eb590a498658548544f4', '::1', 1474262105, 0x5f5f63695f6c6173745f726567656e65726174657c693a313437343236323130353b636f6d70616e795f69647c733a313a2231223b757365725f6c6f676765647c693a323b69735f6163746976657c733a313a2234223b69645f317c613a333a7b733a373a22757365725f6964223b733a313a2231223b733a383a22757365726e616d65223b733a353a22697276616e223b733a31303a22636f6d70616e795f6964223b733a313a2231223b7d69645f347c613a323a7b733a373a22757365725f6964223b733a313a2234223b733a383a22757365726e616d65223b733a363a2266656c697461223b7d),
('5ed47ca3e123af3a2fc5d060f8a320b85dcb13d1', '::1', 1473996060, 0x5f5f63695f6c6173745f726567656e65726174657c693a313437333939353831363b636f6d70616e795f69647c733a313a2231223b757365725f6c6f676765647c693a313b69735f6163746976657c733a313a2231223b69645f317c613a323a7b733a373a22757365725f6964223b733a313a2231223b733a383a22757365726e616d65223b733a353a22697276616e223b7d),
('6115391b91913790d832c50e96ac3cc2c4ba7c86', '::1', 1473915427, 0x5f5f63695f6c6173745f726567656e65726174657c693a313437333931353432373b757365725f6c6f676765647c693a313b69735f6163746976657c733a313a2231223b69645f317c613a323a7b733a373a22757365725f6964223b733a313a2231223b733a383a22757365726e616d65223b733a353a22697276616e223b7d),
('62cc2847b3a99336a3319af16c6225d9c55326a6', '::1', 1474014741, 0x5f5f63695f6c6173745f726567656e65726174657c693a313437343031343734313b636f6d70616e795f69647c733a313a2231223b757365725f6c6f676765647c693a313b69735f6163746976657c733a313a2231223b69645f317c613a323a7b733a373a22757365725f6964223b733a313a2231223b733a383a22757365726e616d65223b733a353a22697276616e223b7d),
('62e53b6a329db981305a2e03cbcd758c7d3a8936', '::1', 1473817428, 0x5f5f63695f6c6173745f726567656e65726174657c693a313437333831373432383b757365725f6c6f676765647c693a313b69735f6163746976657c733a313a2231223b69645f317c613a323a7b733a373a22757365725f6964223b733a313a2231223b733a383a22757365726e616d65223b733a353a22697276616e223b7d),
('646c5f399682b70845613a4e99b8a9775b6c8454', '::1', 1473931347, 0x5f5f63695f6c6173745f726567656e65726174657c693a313437333933313334373b757365725f6c6f676765647c693a313b69735f6163746976657c733a313a2231223b69645f317c613a323a7b733a373a22757365725f6964223b733a313a2231223b733a383a22757365726e616d65223b733a353a22697276616e223b7d),
('657f31900f2dabc0bcdb584d4057bf790746fe25', '::1', 1473832601, 0x5f5f63695f6c6173745f726567656e65726174657c693a313437333833323630313b757365725f6c6f676765647c693a313b69735f6163746976657c733a313a2231223b69645f317c613a323a7b733a373a22757365725f6964223b733a313a2231223b733a383a22757365726e616d65223b733a353a22697276616e223b7d),
('667a3d64b911c97b905acd23f879816b73ba67e8', '::1', 1473841535, 0x5f5f63695f6c6173745f726567656e65726174657c693a313437333834313533353b757365725f6c6f676765647c693a313b69735f6163746976657c733a313a2231223b69645f317c613a323a7b733a373a22757365725f6964223b733a313a2231223b733a383a22757365726e616d65223b733a353a22697276616e223b7d),
('6b0158545e1c84c81d83532d5846e831ee4fc73b', '::1', 1474022058, 0x5f5f63695f6c6173745f726567656e65726174657c693a313437343032323035383b636f6d70616e795f69647c733a313a2231223b757365725f6c6f676765647c693a313b69735f6163746976657c733a313a2231223b69645f317c613a323a7b733a373a22757365725f6964223b733a313a2231223b733a383a22757365726e616d65223b733a353a22697276616e223b7d),
('6c8ec5593df7834a52269b48390d3ca9191bb609', '::1', 1473831015, 0x5f5f63695f6c6173745f726567656e65726174657c693a313437333833313031353b757365725f6c6f676765647c693a313b69735f6163746976657c733a313a2231223b69645f317c613a323a7b733a373a22757365725f6964223b733a313a2231223b733a383a22757365726e616d65223b733a353a22697276616e223b7d),
('6d0e2c3c891b6f9abb0d413e85733dd267ecb5e6', '::1', 1473842056, 0x5f5f63695f6c6173745f726567656e65726174657c693a313437333834323035363b757365725f6c6f676765647c693a313b69735f6163746976657c733a313a2231223b69645f317c613a323a7b733a373a22757365725f6964223b733a313a2231223b733a383a22757365726e616d65223b733a353a22697276616e223b7d),
('6dc3c22217997fb71a1c847c965ec8b2f86b97b4', '::1', 1473907977, 0x5f5f63695f6c6173745f726567656e65726174657c693a313437333930373937373b757365725f6c6f676765647c693a313b69735f6163746976657c733a313a2231223b69645f317c613a323a7b733a373a22757365725f6964223b733a313a2231223b733a383a22757365726e616d65223b733a353a22697276616e223b7d),
('6ec7edef3ae95b5a9b8b4a6327f4b8439a7d4681', '::1', 1473735774, 0x5f5f63695f6c6173745f726567656e65726174657c693a313437333733353730303b757365725f6c6f676765647c693a313b69735f6163746976657c733a313a2231223b69645f317c613a323a7b733a373a22757365725f6964223b733a313a2231223b733a383a22757365726e616d65223b733a353a22697276616e223b7d),
('74b88b71e8d04ce8ab77f4d26a4f9b1e92635387', '::1', 1473828807, 0x5f5f63695f6c6173745f726567656e65726174657c693a313437333832383830373b757365725f6c6f676765647c693a313b69735f6163746976657c733a313a2231223b69645f317c613a323a7b733a373a22757365725f6964223b733a313a2231223b733a383a22757365726e616d65223b733a353a22697276616e223b7d),
('77c0149e0c469294d11c2a37e6446e482fcb7ae7', '::1', 1473932435, 0x5f5f63695f6c6173745f726567656e65726174657c693a313437333933323433353b757365725f6c6f676765647c693a313b69735f6163746976657c733a313a2231223b69645f317c613a323a7b733a373a22757365725f6964223b733a313a2231223b733a383a22757365726e616d65223b733a353a22697276616e223b7d),
('7bd882df6b295fdaf90efd83f0902f4258fa0c9a', '::1', 1473830349, 0x5f5f63695f6c6173745f726567656e65726174657c693a313437333833303334393b757365725f6c6f676765647c693a313b69735f6163746976657c733a313a2231223b69645f317c613a323a7b733a373a22757365725f6964223b733a313a2231223b733a383a22757365726e616d65223b733a353a22697276616e223b7d),
('7ce5c2d23f0ff04697874b353a361894a791adad', '::1', 1473396859, 0x5f5f63695f6c6173745f726567656e65726174657c693a313437333339363833333b),
('83178483b4212504aa0612628fc153c3f2022fc1', '::1', 1473226446, 0x5f5f63695f6c6173745f726567656e65726174657c693a313437333232363237363b69735f6163746976657c733a313a2231223b),
('8366eb0181113472d06c357f54f28f3d133910d9', '::1', 1473763358, 0x5f5f63695f6c6173745f726567656e65726174657c693a313437333736333332353b757365725f6c6f676765647c693a313b69735f6163746976657c733a313a2231223b69645f317c613a323a7b733a373a22757365725f6964223b733a313a2231223b733a383a22757365726e616d65223b733a353a22697276616e223b7d),
('83949f9eb12814b5156bdc1070fb3cd0c7da2aa9', '::1', 1473995510, 0x5f5f63695f6c6173745f726567656e65726174657c693a313437333939353531303b636f6d70616e795f69647c733a313a2231223b757365725f6c6f676765647c693a313b69735f6163746976657c733a313a2231223b69645f317c613a323a7b733a373a22757365725f6964223b733a313a2231223b733a383a22757365726e616d65223b733a353a22697276616e223b7d),
('85ec976d6d7d4230314203f3633e37a68106d2c1', '::1', 1473932897, 0x5f5f63695f6c6173745f726567656e65726174657c693a313437333933323839373b636f6d70616e795f69647c733a313a2231223b757365725f6c6f676765647c693a313b69735f6163746976657c733a313a2231223b69645f317c613a323a7b733a373a22757365725f6964223b733a313a2231223b733a383a22757365726e616d65223b733a353a22697276616e223b7d),
('862da18745c6619d897791829b7d2080d75ae3c5', '::1', 1474022465, 0x5f5f63695f6c6173745f726567656e65726174657c693a313437343032323436353b636f6d70616e795f69647c733a313a2231223b757365725f6c6f676765647c693a323b69735f6163746976657c733a313a2234223b69645f317c613a323a7b733a373a22757365725f6964223b733a313a2231223b733a383a22757365726e616d65223b733a353a22697276616e223b7d69645f347c613a323a7b733a373a22757365725f6964223b733a313a2234223b733a383a22757365726e616d65223b733a363a2266656c697461223b7d),
('87d4de70b9c0496987b94f6d8db0afa984948382', '::1', 1473851535, 0x5f5f63695f6c6173745f726567656e65726174657c693a313437333835313533353b),
('89c8641384db650c9f1cadbe8e8e671e7af8f14e', '::1', 1474260399, 0x5f5f63695f6c6173745f726567656e65726174657c693a313437343236303339393b636f6d70616e795f69647c733a313a2231223b757365725f6c6f676765647c693a323b69735f6163746976657c733a313a2234223b69645f317c613a333a7b733a373a22757365725f6964223b733a313a2231223b733a383a22757365726e616d65223b733a353a22697276616e223b733a31303a22636f6d70616e795f6964223b733a313a2231223b7d69645f347c613a323a7b733a373a22757365725f6964223b733a313a2234223b733a383a22757365726e616d65223b733a363a2266656c697461223b7d),
('89d007857b04768470feed246fe5110ef83e5c41', '::1', 1473930035, 0x5f5f63695f6c6173745f726567656e65726174657c693a313437333933303033353b757365725f6c6f676765647c693a313b69735f6163746976657c733a313a2231223b69645f317c613a323a7b733a373a22757365725f6964223b733a313a2231223b733a383a22757365726e616d65223b733a353a22697276616e223b7d),
('8f62019a33a033095a256e193fd2c92b058400ce', '::1', 1473931768, 0x5f5f63695f6c6173745f726567656e65726174657c693a313437333933313736383b757365725f6c6f676765647c693a313b69735f6163746976657c733a313a2231223b69645f317c613a323a7b733a373a22757365725f6964223b733a313a2231223b733a383a22757365726e616d65223b733a353a22697276616e223b7d),
('933db0a31e5885ede33a318249b91c88d2b29f33', '::1', 1474262534, 0x5f5f63695f6c6173745f726567656e65726174657c693a313437343236323432353b636f6d70616e795f69647c733a313a2231223b757365725f6c6f676765647c693a333b69735f6163746976657c733a313a2233223b69645f317c613a333a7b733a373a22757365725f6964223b733a313a2231223b733a383a22757365726e616d65223b733a353a22697276616e223b733a31303a22636f6d70616e795f6964223b733a313a2231223b7d69645f347c613a323a7b733a373a22757365725f6964223b733a313a2234223b733a383a22757365726e616d65223b733a363a2266656c697461223b7d69645f337c613a323a7b733a373a22757365725f6964223b733a313a2233223b733a383a22757365726e616d65223b733a343a224a6f686e223b7d),
('950fe54e293a38ad7e7627ddb800f7f68e693b53', '::1', 1473833556, 0x5f5f63695f6c6173745f726567656e65726174657c693a313437333833333535363b757365725f6c6f676765647c693a313b69735f6163746976657c733a313a2231223b69645f317c613a323a7b733a373a22757365725f6964223b733a313a2231223b733a383a22757365726e616d65223b733a353a22697276616e223b7d),
('95f7e5fd77c9b277434db1ad92ccdb8a14e96d21', '::1', 1473828077, 0x5f5f63695f6c6173745f726567656e65726174657c693a313437333832383037373b757365725f6c6f676765647c693a313b69735f6163746976657c733a313a2231223b69645f317c613a323a7b733a373a22757365725f6964223b733a313a2231223b733a383a22757365726e616d65223b733a353a22697276616e223b7d),
('96251e0c93fe0bd871d36de54b0501f0ff785ad8', '::1', 1474244169, 0x5f5f63695f6c6173745f726567656e65726174657c693a313437343234343136393b),
('989d2707072f51237d04cfe88bcc2a08f926c672', '::1', 1473225095, 0x5f5f63695f6c6173745f726567656e65726174657c693a313437333232343935373b),
('99e998873491cac41b5790088e5d9c78d1ff465f', '::1', 1473910842, 0x5f5f63695f6c6173745f726567656e65726174657c693a313437333931303834323b757365725f6c6f676765647c693a313b69735f6163746976657c733a313a2231223b69645f317c613a323a7b733a373a22757365725f6964223b733a313a2231223b733a383a22757365726e616d65223b733a353a22697276616e223b7d),
('9b2ea92415a1f01f0511755f1524b2e909995bc4', '::1', 1474258876, 0x5f5f63695f6c6173745f726567656e65726174657c693a313437343235383837363b636f6d70616e795f69647c733a313a2231223b757365725f6c6f676765647c693a323b69735f6163746976657c733a313a2234223b69645f317c613a333a7b733a373a22757365725f6964223b733a313a2231223b733a383a22757365726e616d65223b733a353a22697276616e223b733a31303a22636f6d70616e795f6964223b733a313a2231223b7d69645f347c613a323a7b733a373a22757365725f6964223b733a313a2234223b733a383a22757365726e616d65223b733a363a2266656c697461223b7d),
('9dac0ea4afbe650393590b2032579889a01824cb', '::1', 1473929088, 0x5f5f63695f6c6173745f726567656e65726174657c693a313437333932393038383b757365725f6c6f676765647c693a313b69735f6163746976657c733a313a2231223b69645f317c613a323a7b733a373a22757365725f6964223b733a313a2231223b733a383a22757365726e616d65223b733a353a22697276616e223b7d),
('9dd70742786024b75dcebdc8bec57dd41116c525', '::1', 1473831741, 0x5f5f63695f6c6173745f726567656e65726174657c693a313437333833313734313b757365725f6c6f676765647c693a313b69735f6163746976657c733a313a2231223b69645f317c613a323a7b733a373a22757365725f6964223b733a313a2231223b733a383a22757365726e616d65223b733a353a22697276616e223b7d),
('9ec18519cecfa16eb3bbfdeb902db49f2b33b817', '::1', 1473227058, 0x5f5f63695f6c6173745f726567656e65726174657c693a313437333232373035383b757365725f6c6f676765647c693a313b69735f6163746976657c733a313a2232223b69645f327c613a323a7b733a373a22757365725f6964223b733a313a2232223b733a383a22757365726e616d65223b733a353a22697276616e223b7d),
('a07bb26125906f2ec26139f1b4d7746ddc847eb4', '::1', 1473932127, 0x5f5f63695f6c6173745f726567656e65726174657c693a313437333933323132373b757365725f6c6f676765647c693a313b69735f6163746976657c733a313a2231223b69645f317c613a323a7b733a373a22757365725f6964223b733a313a2231223b733a383a22757365726e616d65223b733a353a22697276616e223b7d),
('a0eda04398cbc9e1ea13c501d2b6971bfaa943ab', '::1', 1473824206, 0x5f5f63695f6c6173745f726567656e65726174657c693a313437333832343230363b757365725f6c6f676765647c693a313b69735f6163746976657c733a313a2231223b69645f317c613a323a7b733a373a22757365725f6964223b733a313a2231223b733a383a22757365726e616d65223b733a353a22697276616e223b7d),
('a85e1c39127111fd567a4004d6a5bedc2e6f1289', '::1', 1473654613, 0x5f5f63695f6c6173745f726567656e65726174657c693a313437333635343537383b),
('a8a191391cd1c5ba3b8d7b257678af7863a6e7de', '::1', 1474261746, 0x5f5f63695f6c6173745f726567656e65726174657c693a313437343236313734363b636f6d70616e795f69647c733a313a2231223b757365725f6c6f676765647c693a323b69735f6163746976657c733a313a2234223b69645f317c613a333a7b733a373a22757365725f6964223b733a313a2231223b733a383a22757365726e616d65223b733a353a22697276616e223b733a31303a22636f6d70616e795f6964223b733a313a2231223b7d69645f347c613a323a7b733a373a22757365725f6964223b733a313a2234223b733a383a22757365726e616d65223b733a363a2266656c697461223b7d),
('a8f677776d9a4e655e42fb668a4f771ca2b8b6af', '::1', 1474261105, 0x5f5f63695f6c6173745f726567656e65726174657c693a313437343236313130353b636f6d70616e795f69647c733a313a2231223b757365725f6c6f676765647c693a323b69735f6163746976657c733a313a2234223b69645f317c613a333a7b733a373a22757365725f6964223b733a313a2231223b733a383a22757365726e616d65223b733a353a22697276616e223b733a31303a22636f6d70616e795f6964223b733a313a2231223b7d69645f347c613a323a7b733a373a22757365725f6964223b733a313a2234223b733a383a22757365726e616d65223b733a363a2266656c697461223b7d),
('ab63158836c55bdf938948c1ce10bcc3e9fe66b4', '::1', 1473995816, 0x5f5f63695f6c6173745f726567656e65726174657c693a313437333939353831363b636f6d70616e795f69647c733a313a2231223b757365725f6c6f676765647c693a313b69735f6163746976657c733a313a2231223b69645f317c613a323a7b733a373a22757365725f6964223b733a313a2231223b733a383a22757365726e616d65223b733a353a22697276616e223b7d),
('ab900ef2a665b7226b5ce4420936b51fa53f3e90', '::1', 1473847933, 0x5f5f63695f6c6173745f726567656e65726174657c693a313437333834373933333b757365725f6c6f676765647c693a323b69735f6163746976657c693a313b69645f317c613a323a7b733a373a22757365725f6964223b733a313a2231223b733a383a22757365726e616d65223b733a353a22697276616e223b7d69645f337c613a323a7b733a373a22757365725f6964223b733a313a2233223b733a383a22757365726e616d65223b733a343a224a6f686e223b7d),
('b251d1df1fe08fcd44496bea65377a270b20c1ba', '::1', 1474017797, 0x5f5f63695f6c6173745f726567656e65726174657c693a313437343031373739373b636f6d70616e795f69647c733a313a2231223b757365725f6c6f676765647c693a313b69735f6163746976657c733a313a2231223b69645f317c613a323a7b733a373a22757365725f6964223b733a313a2231223b733a383a22757365726e616d65223b733a353a22697276616e223b7d),
('b909d4473ecd20cf400540e1d83f10c4bc524d74', '::1', 1473846787, 0x5f5f63695f6c6173745f726567656e65726174657c693a313437333834363738373b757365725f6c6f676765647c693a323b69735f6163746976657c733a313a2233223b69645f317c613a323a7b733a373a22757365725f6964223b733a313a2231223b733a383a22757365726e616d65223b733a353a22697276616e223b7d69645f337c613a323a7b733a373a22757365725f6964223b733a313a2233223b733a383a22757365726e616d65223b733a343a224a6f686e223b7d),
('b93d576e79bfa7baf5222ad7dabb6b1625ac54e5', '::1', 1473223490, 0x5f5f63695f6c6173745f726567656e65726174657c693a313437333232333232373b),
('b9eceef3c20652d099bf864b2571a64b90cdab33', '::1', 1473909467, 0x5f5f63695f6c6173745f726567656e65726174657c693a313437333930393436373b757365725f6c6f676765647c693a313b69735f6163746976657c733a313a2231223b69645f317c613a323a7b733a373a22757365725f6964223b733a313a2231223b733a383a22757365726e616d65223b733a353a22697276616e223b7d),
('ba74a392a7ecf47235856e4f0b48f54cd9067f56', '::1', 1473829166, 0x5f5f63695f6c6173745f726567656e65726174657c693a313437333832393136363b757365725f6c6f676765647c693a313b69735f6163746976657c733a313a2231223b69645f317c613a323a7b733a373a22757365725f6964223b733a313a2231223b733a383a22757365726e616d65223b733a353a22697276616e223b7d),
('bb5d4bda11381aa4475404434aa19c822bd8eb07', '::1', 1473845575, 0x5f5f63695f6c6173745f726567656e65726174657c693a313437333834353537353b757365725f6c6f676765647c693a323b69735f6163746976657c733a313a2233223b69645f317c613a323a7b733a373a22757365725f6964223b733a313a2231223b733a383a22757365726e616d65223b733a353a22697276616e223b7d69645f337c613a323a7b733a373a22757365725f6964223b733a313a2233223b733a383a22757365726e616d65223b733a343a224a6f686e223b7d),
('bca249b95a58eb81689ceb732e55823073416fc4', '::1', 1473909817, 0x5f5f63695f6c6173745f726567656e65726174657c693a313437333930393831373b757365725f6c6f676765647c693a313b69735f6163746976657c733a313a2231223b69645f317c613a323a7b733a373a22757365725f6964223b733a313a2231223b733a383a22757365726e616d65223b733a353a22697276616e223b7d),
('beea0a4fbdffda5bca3ffcb46766244bcc9d50ca', '::1', 1473994492, 0x5f5f63695f6c6173745f726567656e65726174657c693a313437333939343439323b636f6d70616e795f69647c733a313a2231223b757365725f6c6f676765647c693a313b69735f6163746976657c733a313a2231223b69645f317c613a323a7b733a373a22757365725f6964223b733a313a2231223b733a383a22757365726e616d65223b733a353a22697276616e223b7d),
('c2174b0f7ae292b52a16b04950b4fe42f8d8555d', '::1', 1473905943, 0x5f5f63695f6c6173745f726567656e65726174657c693a313437333930353934333b757365725f6c6f676765647c693a313b69735f6163746976657c733a313a2231223b69645f317c613a323a7b733a373a22757365725f6964223b733a313a2231223b733a383a22757365726e616d65223b733a353a22697276616e223b7d),
('c3b4d6cce13098752f64a0fea9768f5dbb9eb408', '::1', 1473915572, 0x5f5f63695f6c6173745f726567656e65726174657c693a313437333931353432373b757365725f6c6f676765647c693a313b69735f6163746976657c733a313a2231223b69645f317c613a323a7b733a373a22757365725f6964223b733a313a2231223b733a383a22757365726e616d65223b733a353a22697276616e223b7d),
('c3d8f15c0f8e84337628042375fe0f325f324ceb', '::1', 1473224693, 0x5f5f63695f6c6173745f726567656e65726174657c693a313437333232343634313b),
('c74c154a2c55d5ef1713034710dfe179390666cc', '::1', 1473824508, 0x5f5f63695f6c6173745f726567656e65726174657c693a313437333832343530383b757365725f6c6f676765647c693a313b69735f6163746976657c733a313a2231223b69645f317c613a323a7b733a373a22757365725f6964223b733a313a2231223b733a383a22757365726e616d65223b733a353a22697276616e223b7d),
('c7ea3d728193cea168d570f8556b7112a4e096ee', '::1', 1473222240, 0x5f5f63695f6c6173745f726567656e65726174657c693a313437333232323234303b),
('c90012db83e8fe5c0a3962cb65c4c81192039fa7', '::1', 1473930400, 0x5f5f63695f6c6173745f726567656e65726174657c693a313437333933303430303b757365725f6c6f676765647c693a313b69735f6163746976657c733a313a2231223b69645f317c613a323a7b733a373a22757365725f6964223b733a313a2231223b733a383a22757365726e616d65223b733a353a22697276616e223b7d),
('cb01c7f05204d379180c94e2f693226bca363006', '::1', 1473937479, 0x5f5f63695f6c6173745f726567656e65726174657c693a313437333933373437393b636f6d70616e795f69647c733a313a2231223b757365725f6c6f676765647c693a313b69735f6163746976657c733a313a2231223b69645f317c613a323a7b733a373a22757365725f6964223b733a313a2231223b733a383a22757365726e616d65223b733a353a22697276616e223b7d),
('d063045aca0b2e7794ac1eb8e9f91d6a7e3dfbe9', '::1', 1473931044, 0x5f5f63695f6c6173745f726567656e65726174657c693a313437333933313034343b757365725f6c6f676765647c693a313b69735f6163746976657c733a313a2231223b69645f317c613a323a7b733a373a22757365725f6964223b733a313a2231223b733a383a22757365726e616d65223b733a353a22697276616e223b7d),
('d3b922cbdcf724bc8060234d533a05f40936e835', '::1', 1473827434, 0x5f5f63695f6c6173745f726567656e65726174657c693a313437333832373433343b757365725f6c6f676765647c693a313b69735f6163746976657c733a313a2231223b69645f317c613a323a7b733a373a22757365725f6964223b733a313a2231223b733a383a22757365726e616d65223b733a353a22697276616e223b7d),
('d409a7da93f0022efdb711bdc507662359ea9d5c', '::1', 1473742555, 0x5f5f63695f6c6173745f726567656e65726174657c693a313437333734323535353b757365725f6c6f676765647c693a313b69735f6163746976657c733a313a2231223b69645f317c613a323a7b733a373a22757365725f6964223b733a313a2231223b733a383a22757365726e616d65223b733a353a22697276616e223b7d),
('d7b00f20805df49d82262db424b538296c9a1f07', '::1', 1473904814, 0x5f5f63695f6c6173745f726567656e65726174657c693a313437333930343831343b757365725f6c6f676765647c693a313b69735f6163746976657c4e3b69645f317c613a323a7b733a373a22757365725f6964223b733a313a2231223b733a383a22757365726e616d65223b733a353a22697276616e223b7d),
('db316f9fa28e2c7303ae27dffb5d2d624d810c41', '::1', 1473908974, 0x5f5f63695f6c6173745f726567656e65726174657c693a313437333930383937343b757365725f6c6f676765647c693a313b69735f6163746976657c733a313a2231223b69645f317c613a323a7b733a373a22757365725f6964223b733a313a2231223b733a383a22757365726e616d65223b733a353a22697276616e223b7d),
('dd32e9761a291f9b278d51ee0c46b5b6ad33706e', '::1', 1473912414, 0x5f5f63695f6c6173745f726567656e65726174657c693a313437333931323431343b757365725f6c6f676765647c693a313b69735f6163746976657c733a313a2231223b69645f317c613a323a7b733a373a22757365725f6964223b733a313a2231223b733a383a22757365726e616d65223b733a353a22697276616e223b7d),
('de03d8e9c9d52532838a8de3ff0e76e8f4e48916', '::1', 1473907343, 0x5f5f63695f6c6173745f726567656e65726174657c693a313437333930373334333b757365725f6c6f676765647c693a313b69735f6163746976657c733a313a2231223b69645f317c613a323a7b733a373a22757365725f6964223b733a313a2231223b733a383a22757365726e616d65223b733a353a22697276616e223b7d),
('e18322f4ba7096df4aff3f4441acc8a7bb767c1a', '::1', 1473743159, 0x5f5f63695f6c6173745f726567656e65726174657c693a313437333734333135393b757365725f6c6f676765647c693a313b69735f6163746976657c733a313a2231223b69645f317c613a323a7b733a373a22757365725f6964223b733a313a2231223b733a383a22757365726e616d65223b733a353a22697276616e223b7d),
('e250643461e95b8f5d2c7f5ef3f734d83e46e50e', '::1', 1474251512, 0x5f5f63695f6c6173745f726567656e65726174657c693a313437343235313531313b),
('e3ed5996a59235d43eec7f998b4ff282986ab30e', '::1', 1473827759, 0x5f5f63695f6c6173745f726567656e65726174657c693a313437333832373735393b757365725f6c6f676765647c693a313b69735f6163746976657c733a313a2231223b69645f317c613a323a7b733a373a22757365725f6964223b733a313a2231223b733a383a22757365726e616d65223b733a353a22697276616e223b7d),
('e7ff870292c4414ac3a29d80d4c49005e6e1bed6', '::1', 1473817736, 0x5f5f63695f6c6173745f726567656e65726174657c693a313437333831373733363b757365725f6c6f676765647c693a313b69735f6163746976657c733a313a2231223b69645f317c613a323a7b733a373a22757365725f6964223b733a313a2231223b733a383a22757365726e616d65223b733a353a22697276616e223b7d),
('e81c55f8b80d5812d76d9a857c86254e0b497c2a', '::1', 1473908308, 0x5f5f63695f6c6173745f726567656e65726174657c693a313437333930383330383b757365725f6c6f676765647c693a313b69735f6163746976657c733a313a2231223b69645f317c613a323a7b733a373a22757365725f6964223b733a313a2231223b733a383a22757365726e616d65223b733a353a22697276616e223b7d),
('eb28dfbdb7f76a60fa447a5af44e0cf5697f82e0', '::1', 1473744350, 0x5f5f63695f6c6173745f726567656e65726174657c693a313437333734343233303b757365725f6c6f676765647c693a313b69735f6163746976657c733a313a2231223b69645f317c613a323a7b733a373a22757365725f6964223b733a313a2231223b733a383a22757365726e616d65223b733a353a22697276616e223b7d),
('eed174e5136e3f50f1c68d17c50dec1a217d7c27', '::1', 1474262425, 0x5f5f63695f6c6173745f726567656e65726174657c693a313437343236323432353b636f6d70616e795f69647c733a313a2231223b757365725f6c6f676765647c693a323b69735f6163746976657c733a313a2234223b69645f317c613a333a7b733a373a22757365725f6964223b733a313a2231223b733a383a22757365726e616d65223b733a353a22697276616e223b733a31303a22636f6d70616e795f6964223b733a313a2231223b7d69645f347c613a323a7b733a373a22757365725f6964223b733a313a2234223b733a383a22757365726e616d65223b733a363a2266656c697461223b7d),
('f1b79b1327804ba9227fa2de625abc85e3ce2378', '::1', 1473849676, 0x5f5f63695f6c6173745f726567656e65726174657c693a313437333834393637363b757365725f6c6f676765647c693a313b69735f6163746976657c733a313a2231223b69645f317c613a323a7b733a373a22757365725f6964223b733a313a2231223b733a383a22757365726e616d65223b733a353a22697276616e223b7d),
('f31cebc7b14c50a8bb19ffd7519fec67a925886a', '::1', 1473844557, 0x5f5f63695f6c6173745f726567656e65726174657c693a313437333834343535373b757365725f6c6f676765647c693a323b69735f6163746976657c733a313a2233223b69645f317c613a323a7b733a373a22757365725f6964223b733a313a2231223b733a383a22757365726e616d65223b733a353a22697276616e223b7d69645f337c613a323a7b733a373a22757365725f6964223b733a313a2233223b733a383a22757365726e616d65223b733a343a224a6f686e223b7d),
('f60950e93787f8d00b8c4b005d34ff50cdadb7c5', '::1', 1473842382, 0x5f5f63695f6c6173745f726567656e65726174657c693a313437333834323338323b757365725f6c6f676765647c693a313b69735f6163746976657c733a313a2231223b69645f317c613a323a7b733a373a22757365725f6964223b733a313a2231223b733a383a22757365726e616d65223b733a353a22697276616e223b7d),
('f69aee61f61d410be24a77b0594df30d2dba0508', '::1', 1474016147, 0x5f5f63695f6c6173745f726567656e65726174657c693a313437343031363134373b636f6d70616e795f69647c733a313a2231223b757365725f6c6f676765647c693a313b69735f6163746976657c733a313a2231223b69645f317c613a323a7b733a373a22757365725f6964223b733a313a2231223b733a383a22757365726e616d65223b733a353a22697276616e223b7d),
('f7d36ed7553af18272c3f6f420020f97b5f686ab', '::1', 1473840374, 0x5f5f63695f6c6173745f726567656e65726174657c693a313437333834303337343b757365725f6c6f676765647c693a313b69735f6163746976657c733a313a2231223b69645f317c613a323a7b733a373a22757365725f6964223b733a313a2231223b733a383a22757365726e616d65223b733a353a22697276616e223b7d),
('f8055a2ae4b14c497e6b1e8b48c0b8f07c13dc62', '::1', 1473227673, 0x5f5f63695f6c6173745f726567656e65726174657c693a313437333232373339303b757365725f6c6f676765647c693a313b69735f6163746976657c733a313a2232223b69645f327c613a323a7b733a373a22757365725f6964223b733a313a2232223b733a383a22757365726e616d65223b733a353a22697276616e223b7d),
('f85293abf1dd410788a94f45cfcb0d3f8ed81224', '::1', 1473226771, 0x5f5f63695f6c6173745f726567656e65726174657c693a313437333232363730353b757365725f6c6f676765647c693a313b69735f6163746976657c733a313a2232223b69645f327c613a323a7b733a373a22757365725f6964223b733a313a2232223b733a383a22757365726e616d65223b733a353a22697276616e223b7d),
('fb82186c0acb03413082c5468621b94a4c252eca', '::1', 1473848817, 0x5f5f63695f6c6173745f726567656e65726174657c693a313437333834383831373b757365725f6c6f676765647c693a323b69735f6163746976657c4e3b69645f317c613a323a7b733a373a22757365725f6964223b733a313a2231223b733a383a22757365726e616d65223b733a353a22697276616e223b7d),
('fd2c598eda1ee3439817f916d02e715359d2b2bc', '::1', 1473844866, 0x5f5f63695f6c6173745f726567656e65726174657c693a313437333834343836363b757365725f6c6f676765647c693a323b69735f6163746976657c733a313a2233223b69645f317c613a323a7b733a373a22757365725f6964223b733a313a2231223b733a383a22757365726e616d65223b733a353a22697276616e223b7d69645f337c613a323a7b733a373a22757365725f6964223b733a313a2233223b733a383a22757365726e616d65223b733a343a224a6f686e223b7d),
('fd98887b7369a3f6944c4c72ba3200b3f22af504', '::1', 1473393700, 0x5f5f63695f6c6173745f726567656e65726174657c693a313437333339333730303b);

-- --------------------------------------------------------

--
-- Table structure for table `company`
--

CREATE TABLE `company` (
  `id` int(11) NOT NULL,
  `name` varchar(255) NOT NULL,
  `admin` varchar(255) NOT NULL,
  `password` varchar(255) NOT NULL,
  `address` text NOT NULL,
  `phone` varchar(255) NOT NULL,
  `website` varchar(255) NOT NULL,
  `person_in_charge` varchar(255) NOT NULL,
  `is_active` int(11) NOT NULL,
  `created` datetime NOT NULL
) ENGINE=InnoDB DEFAULT CHARSET=latin1;

--
-- Dumping data for table `company`
--

INSERT INTO `company` (`id`, `name`, `admin`, `password`, `address`, `phone`, `website`, `person_in_charge`, `is_active`, `created`) VALUES
(1, 'Williams Business', 'WilliamsBusiness', '', '355 Riccarton rd,Christchurch', '0279661959', 'www.williamsbusiness.co.nz', 'Gerald Liando', 1, '2016-09-14 09:00:00');

-- --------------------------------------------------------

--
-- Table structure for table `forms`
--

CREATE TABLE `forms` (
  `id` int(11) NOT NULL,
  `name` varchar(255) NOT NULL,
  `manager_id` int(11) DEFAULT NULL,
  `company_id` int(11) DEFAULT NULL,
  `managers_to_notify` varchar(255) NOT NULL,
  `report_color` varchar(255) NOT NULL,
  `created` datetime NOT NULL,
  `active` tinyint(1) NOT NULL DEFAULT '1'
) ENGINE=InnoDB DEFAULT CHARSET=latin1;

--
-- Dumping data for table `forms`
--

INSERT INTO `forms` (`id`, `name`, `manager_id`, `company_id`, `managers_to_notify`, `report_color`, `created`, `active`) VALUES
(1, 'Daily Report', 1, 1, '2', '#16a085', '0000-00-00 00:00:00', 1),
(2, 'daily', 1, 1, '', '', '2016-09-15 04:52:51', 0),
(3, 'please', 1, 1, '', '', '2016-09-15 08:53:12', 0),
(4, 'tes', 1, 1, '', '', '2016-09-15 09:40:52', 0),
(5, 'SETYAWAN', 1, 1, '1, 3', '#e74c3c', '2016-09-16 08:41:59', 1),
(6, 'report baru', 1, 1, '1, 2', '#2c3e50', '2016-09-19 04:33:07', 1),
(7, 'masbro', 1, 1, '1, 2, 3', '#f1c40f', '2016-09-19 05:08:11', 1);

-- --------------------------------------------------------

--
-- Table structure for table `form_fields`
--

CREATE TABLE `form_fields` (
  `id` int(11) NOT NULL,
  `form_id` int(11) DEFAULT NULL,
  `column` smallint(6) DEFAULT NULL,
  `order` int(11) DEFAULT NULL,
  `type` varchar(255) DEFAULT NULL,
  `title` varchar(255) DEFAULT NULL,
  `select_options` text,
  `required` tinyint(1) DEFAULT '0'
) ENGINE=InnoDB DEFAULT CHARSET=latin1;

--
-- Dumping data for table `form_fields`
--

INSERT INTO `form_fields` (`id`, `form_id`, `column`, `order`, `type`, `title`, `select_options`, `required`) VALUES
(1, 1, 1, 0, 'text', 'How is your day?', NULL, 1),
(5, 2, 1, 0, 'text', 'name', NULL, 1),
(6, 3, 1, 0, 'radio-group-yes-no-na', 'Yes / No / N/A', 'a:0:{}', 0),
(7, 3, 2, 0, 'date', 'Date Field', NULL, 0),
(8, 4, 2, 0, 'text', 'Text Field', NULL, 0),
(9, 5, 1, 0, 'text', 'Text Field', NULL, 0),
(10, 5, 2, 0, 'date', 'Date Field', NULL, 0),
(11, 5, 2, 1, 'numbers', 'Numbers', NULL, 0),
(12, 6, 1, 0, 'select', 'Dropdown', 'a:2:{i:0;s:8:"option-1";i:1;s:8:"option-2";}', 0),
(13, 6, 2, 0, 'text', 'Text Field', NULL, 0),
(14, 7, 1, 0, 'document', 'Document', NULL, 0),
(15, 7, 2, 0, 'date', 'Date Field', NULL, 0),
(16, 7, 2, 1, 'numbers', 'Numbers', NULL, 0);

-- --------------------------------------------------------

--
-- Table structure for table `form_submits`
--

CREATE TABLE `form_submits` (
  `id` int(11) NOT NULL,
  `form_id` int(11) NOT NULL,
  `user_id` int(11) NOT NULL,
  `manager_id` int(11) NOT NULL,
  `deadline` datetime NOT NULL,
  `submit_date` datetime DEFAULT NULL,
  `is_submit` int(11) NOT NULL DEFAULT '0'
) ENGINE=InnoDB DEFAULT CHARSET=latin1;

--
-- Dumping data for table `form_submits`
--

INSERT INTO `form_submits` (`id`, `form_id`, `user_id`, `manager_id`, `deadline`, `submit_date`, `is_submit`) VALUES
(1, 5, 2, 1, '2016-09-16 17:00:00', NULL, 0),
(2, 5, 3, 1, '2016-09-16 17:00:00', NULL, 0),
(3, 5, 4, 1, '2016-09-16 17:00:00', NULL, 0),
(4, 6, 3, 1, '2016-09-19 12:31:00', NULL, 0),
(7, 1, 4, 1, '2016-09-19 10:00:00', NULL, 0),
(8, 7, 3, 1, '2016-09-19 12:31:00', NULL, 0),
(10, 6, 4, 1, '2016-09-19 15:00:00', NULL, 0);

-- --------------------------------------------------------

--
-- Table structure for table `form_submit_values`
--

CREATE TABLE `form_submit_values` (
  `id` int(11) NOT NULL,
  `submit_id` int(11) NOT NULL,
  `form_id` int(11) NOT NULL,
  `user_id` int(11) NOT NULL,
  `field_id` int(11) NOT NULL,
  `field_name` varchar(255) NOT NULL,
  `field_value` text NOT NULL
) ENGINE=InnoDB DEFAULT CHARSET=latin1;

-- --------------------------------------------------------

--
-- Table structure for table `form_users`
--

CREATE TABLE `form_users` (
  `id` int(11) NOT NULL,
  `form_id` int(11) DEFAULT NULL,
  `user_id` int(11) DEFAULT NULL,
  `frequency` varchar(255) DEFAULT NULL,
  `deadline` varchar(255) NOT NULL
) ENGINE=InnoDB DEFAULT CHARSET=latin1;

--
-- Dumping data for table `form_users`
--

INSERT INTO `form_users` (`id`, `form_id`, `user_id`, `frequency`, `deadline`) VALUES
(1, 1, 4, 'daily', '10:00'),
(2, 1, 3, 'daily', '10:00'),
(3, 1, 2, 'daily', '10:00'),
(4, 5, 2, 'daily', '17:00'),
(5, 5, 3, 'daily', '17:00'),
(6, 5, 4, 'daily', '17:00'),
(7, 6, 3, 'daily', '12:31'),
(8, 6, 4, 'daily', '12:31'),
(9, 7, 3, 'daily', '12:31'),
(10, 7, 4, 'daily', '12:31');

-- --------------------------------------------------------

--
-- Table structure for table `users`
--

CREATE TABLE `users` (
  `id` int(11) NOT NULL,
  `company_id` int(11) NOT NULL,
  `role` enum('admin','manager','staff') NOT NULL,
  `username` varchar(255) NOT NULL,
  `password` varchar(255) NOT NULL,
  `name` varchar(255) NOT NULL,
  `email` varchar(255) NOT NULL,
  `phone_number` varchar(255) NOT NULL,
  `mobile_number` varchar(255) NOT NULL,
  `photo` varchar(255) NOT NULL
) ENGINE=InnoDB DEFAULT CHARSET=latin1;

--
-- Dumping data for table `users`
--

INSERT INTO `users` (`id`, `company_id`, `role`, `username`, `password`, `name`, `email`, `phone_number`, `mobile_number`, `photo`) VALUES
(1, 1, 'admin', 'irvan', 'asdf', 'irvan winata', 'irvan@gethassee.com', '+6281316878995', '+6281316878995', 'uploads/photos/irvan/minion.png'),
(2, 1, 'manager', 'setyawan', 'asdf', 'Setyawan Susanto', 'setyawan@gethassee.com', '', '', ''),
(3, 1, 'manager', 'John', 'asdf', 'Jonathan Hosea', 'jonathan@gethassee.com', '', '', ''),
(4, 1, 'staff', 'felita', 'asdf', 'Felita Setiawan', 'felita@gethassee.com', '', '', '');

--
-- Indexes for dumped tables
--

--
-- Indexes for table `ci_sessions`
--
ALTER TABLE `ci_sessions`
  ADD PRIMARY KEY (`id`,`ip_address`),
  ADD KEY `ci_sessions_timestamp` (`timestamp`);

--
-- Indexes for table `company`
--
ALTER TABLE `company`
  ADD PRIMARY KEY (`id`);

--
-- Indexes for table `forms`
--
ALTER TABLE `forms`
  ADD PRIMARY KEY (`id`);

--
-- Indexes for table `form_fields`
--
ALTER TABLE `form_fields`
  ADD PRIMARY KEY (`id`);

--
-- Indexes for table `form_submits`
--
ALTER TABLE `form_submits`
  ADD PRIMARY KEY (`id`);

--
-- Indexes for table `form_submit_values`
--
ALTER TABLE `form_submit_values`
  ADD PRIMARY KEY (`id`);

--
-- Indexes for table `form_users`
--
ALTER TABLE `form_users`
  ADD PRIMARY KEY (`id`);

--
-- Indexes for table `users`
--
ALTER TABLE `users`
  ADD PRIMARY KEY (`id`);

--
-- AUTO_INCREMENT for dumped tables
--

--
-- AUTO_INCREMENT for table `company`
--
ALTER TABLE `company`
  MODIFY `id` int(11) NOT NULL AUTO_INCREMENT, AUTO_INCREMENT=2;
--
-- AUTO_INCREMENT for table `forms`
--
ALTER TABLE `forms`
  MODIFY `id` int(11) NOT NULL AUTO_INCREMENT, AUTO_INCREMENT=8;
--
-- AUTO_INCREMENT for table `form_fields`
--
ALTER TABLE `form_fields`
  MODIFY `id` int(11) NOT NULL AUTO_INCREMENT, AUTO_INCREMENT=17;
--
-- AUTO_INCREMENT for table `form_submits`
--
ALTER TABLE `form_submits`
  MODIFY `id` int(11) NOT NULL AUTO_INCREMENT, AUTO_INCREMENT=11;
--
-- AUTO_INCREMENT for table `form_submit_values`
--
ALTER TABLE `form_submit_values`
  MODIFY `id` int(11) NOT NULL AUTO_INCREMENT;
--
-- AUTO_INCREMENT for table `form_users`
--
ALTER TABLE `form_users`
  MODIFY `id` int(11) NOT NULL AUTO_INCREMENT, AUTO_INCREMENT=11;
--
-- AUTO_INCREMENT for table `users`
--
ALTER TABLE `users`
  MODIFY `id` int(11) NOT NULL AUTO_INCREMENT, AUTO_INCREMENT=5;
/*!40101 SET CHARACTER_SET_CLIENT=@OLD_CHARACTER_SET_CLIENT */;
/*!40101 SET CHARACTER_SET_RESULTS=@OLD_CHARACTER_SET_RESULTS */;
/*!40101 SET COLLATION_CONNECTION=@OLD_COLLATION_CONNECTION */;
